{"pcr_cycles": 2.627675171534847, "total_reads": 0.6771877067150143, "post_pcr1_dna": -0.07606790364265247}