{"pcr_cycles": 2.627675171534847, "total_reads_M": 0.6771876669059766, "post_pcr1_dna": -0.07606790364265247}