{"Intercept": -280.00906405361013, "C(kit)[T.Ultra_II_NEB_FS]": 6.329608100867452, "C(kit)[T.XTHS]": 17.1900718652993, "total_reads": 1.1942040584023557e-07, "pcr_cycles": 15.931570728700297, "post_pcr1_dna": 156.2784404764573, "pcr_cycles:post_pcr1_dna": -9.857127778918615}