{"Intercept": -4.2996895814540785, "C(kit)[T.Ultra_II_NEB_FS]": 0.44847375653498955, "C(kit)[T.XTHS]": 2.203894567038464, "total_reads_norm": 4.044019048495078e-06, "pcr_cycles_norm": -0.019826309301529628, "post_pcr1_dna_norm": 2.55300505423361}