{"Intercept": -4.898270046670308, "total_reads_norm": 0.0544059989036876, "pcr_cycles_norm": -0.02133155122312519, "post_pcr1_dna_norm": 2.7160994102524016, "kit_encoded": 2.471558776543297}